N°,Location,Latitude,Longitude,Date (Gregorian Calendar),Hour (local),Hour (UTC),Sound,Hail,Electric Storm,Damage,Tornado,Waterspout,Register,Max. EF Rating,Analyst,Fatalities,Injured,Link to Documents,Sources,Comments,Reported to CIMA database
1,Carahue (ex- Imperial),"-38,70795725","-73,16012081",1554-05-03,,,1,1,1,1,1,0,0,0*,JV,-,-,"1554 23 de Abril, Carahue",La Araucana / Link Doc Canto 15 comments,The date corresponds to April 23rd 1554 in the Julian Calendar and this is the date reported by Ercilla. Here we transform the date to the Gregorian calendar for a better comparison with present date events. ,
2,Carelmapu,"-41,75","-73,707",1633-05-14,7:00:00,12:00:00,1,1,1,1,1,0,0,2,JV,-,1,"1633 14 de Mayo, Carelmapu",Fragmento Historica Relacion del Reyno de Chile por Alonso de Ovalle (Capitulo XXII),Complete destruction of homes and wooden church. Trees uprooted. Beach stones displaced. Hail the size of musket balls (approximately 2.5 cm in diameter). 1 person injured. Possible EF2.,
3,Parral,,,1835-02-26,,,1,1,1,1,1,0,0,1,JV,-,-,"1835 26 de febrero, Parral","Tornado observado luego de un terremoto de grandes proporciones, que ya habia generado graves danos. Se observo granizo del tamano de una nuez o avellana (1.5-2.0 cm). Dano en arboles y destruccion completa de un lagar (lugar donde se hace el aceite). Danos parecen indicar un EF1.","The exact date of the tornado is not known, as it occurred during the 6-day storm period after the earthquake of March 20, 1835.",
4,Lebu,"-37,5991","-73,6591",1878-06-11,17:00:00,22:00:00,1,1,1,1,1,0,0,0*,JV,-,-,"1878 11 y 14 Junio, Lebu",,Tornado described as 'violent' and moving from northwest to southeast. No description of damage to structures (EF0**).,
5,Lebu,"-37,5991","-73,6591",1878-06-14,15:00:00,20:00:00,0,0,0,1,1,0,0,0,JV,-,-,"1878 11 y 14 Junio, Lebu",,"Tornado was associated with a loud noise, affecting a population with roofs being blown off. Possible EF0.",
6,Valdivia,"-39,81136477","-73,24217001",1881-04-26,15:50:00,20:30:00,1,0,1,1,1,0,0,3,JV,-,-,"1881 26 Abril, Valdivia",,"Presence of hail precedes the tornado. Tornado affected several sectors of the city and descriptions indicate deafening noise. Witnesses describe that the tornado had a diameter of almost a block (100 meters). Destroyed brewery buildings (two completely destroyed and others severely damaged). The quartermaster's building (made of wood) was removed from its foundations and moved about 5 meters from its original position, suffering irreversible damage. Irreversible damage to the city church. The church tower (including the clock and bell) was knocked out of place and moved by the tornado towards the plaza. Trees uprooted. Complete blowing off of house roofs. Possible EF2-EF3.",
7,Santiago,"-33,38112231","-70,61982181",1893-05-14,,,0,0,0,1,1,0,0,1,RR,,,"1893 14 Mayo, Santiago",,,
8,Nueva Imperial ,"-38,73958293","-72,9520826",1893-05-16,16:00:00,21:00:00,0,0,0,1,1,0,0,,,,,"1893 16 Mayo, Nueva Imperial ",,,
9,Ancud,"-41,87024692","-73,82837611",1927-06-07,21:15:00,2:00:00,0,0,0,1,1,0,0,,,,,"1927, 7 Junio, Ancud",,,
10,Concepción,"-36,82726936","-73,05011189",1934-05-27,4:30:00,8:30:00,1,0,0,1,0,1,0,,,,,"1934, 27 de Mayo, Concepción",http://www.plataformaurbana.cl/archive/2012/08/15/archivo-fotografico-tornado-en-concepcion-1934/,,
11,Puerto Saavedra,"-38,79762406","-73,4015797",1934-05-29,0:00:00,4:00:00,1,0,0,1,1,1,0,,,,,"1934 29 de Mayo, Puerto Saavedra","New York Times, May 30 1934",,
12,Isla Quiriquina-Concepción,,,1961-06-02,,,0,0,0,1,1,1,0,,,,,"1961, 2 de junio, Isla Quiriquina-Concepción","Libro ""Catástrofes de Chile: 1541-1992""",,
13,Linares,"-35,8441","-71,5911",1962-06-27,10:00:00,14:00:00,0,1,1,1,1,1,0,,,,,"1962 27 Junio, Linares","Libro ""Catástrofes de Chile: 1541-1992""",,
14,Los Ángeles,"-37,449233","-72,336948",1975-07-08,14:00:00,18:00:00,0,0,0,1,1,0,0,,,,,"1975 08 Julio, Los Angeles","Libro ""Catástrofes de Chile: 1541-1992""",,
15,San Carlos,"-36,4250","-71,9584",1981-05-18,10:00:00,14:00:00,0,0,0,1,0,0,0,3,JV,2,323,"1981 18 Mayo, San Carlos",http://www.ladiscusion.cl/tornado-en-san-carlos-37-aos-de-la-tragedia-ms-grande-de-la-comuna/.  https://www.soychile.cl/Chillan/Policial/2013/05/31/177469/San-Carlos-ya-habia-sufrido-un-tornado-en-1981.aspx.  Schwarzkopf (1988),"The tornado uprooted the trees in the Plaza de Armas, tore off roofs and shattered windows at the train station, and knocked down 400 light poles, causing damage to vehicles. Two deaths were reported, one person missing, and several destructions, mainly in the Estación neighborhood. On that occasion, the tornado appeared about 55 kilometers west of the city and disappeared before reaching the town of Cachapoal. A witness reports being violently displaced by the air. Complete destruction of Araucaria and palm trees in the city's Plaza de Armas. Given these factors, we estimate a maximum intensity close to EF3",
16,Valdivia,"-39,81938548","-73,23224139",1981-05-17,12:00:00,16:00:00,0,0,0,1,0,0,0,,,,,"1981 17 Mayo, Valdivia","Schwarzkopf (1988) (fecha incorrecta, debe ser Domingo 17 y no Lunes 18)","That day, at 500 mb, the temperature field was in phase with the height field, indicating the presence of a cold trough. No cold front was detected over the Chilean region in the vertical cross-sections made. However, it was found that the disturbance that crossed the Chilean area on the 18th, embedded within a polar air mass, had the essential characteristics of an upper-level cyclone. The instability inherent in the polar air caused by heat transfer from the sea during its oceanic trajectory was increased by the passage of this cold depression at altitude to the point of producing tornadoes",
17,Valparaíso,"-33,04830195","-71,59882479",1991-06-19,10:30:00,14:30:00,0,1,1,1,0,0,0,,,,,"1991 19 Junio,  Valparaíso","El Mercurio de Valparaíso, 20 de Junio y 21 de Junio de 1991",,
18,Puerto Montt,"-41,4743","-72,9525",2006-05-15,,,0,1,1,1,1,0,0,,,,,"2006 15 de Mayo, Puerto Montt",https://www.ellanquihue.cl/prontus4_nots/site/artic/20060516/pags/20060516010513.html?0.5?0.5,"Intense winds, hail, large black whirlwind, event lasted minutes. Roofs were blown off, houses were destroyed. People injured",
19,Ancud,"-41,873","-73,805",2011-04-12,18:30:00,21:30:00,0,0,0,1,1,0,0,,,,,,https://www.aqua.cl/2011/04/14/chiloe-tromba-marina-provoco-serios-danos-en-costa-de-ancud/#,,
20,Arauco,"-37,24","-73,319",2007-06-21,20:00,0:00:00,1,1,1,1,1,1,0,,,,,"2007 21 Junio, Arauco",https://www.elbombero.cl/foro/threads/inusual-%E2%80%9Ctornado%E2%80%9D-en-arauco.3085/,"Thunderous noise, winds rumbling on the ground as if it were shaking, a dark funnel-shaped cloud that emerged from the beach, moving over one end of the city, followed by the fall of hailstones the size of beans. Started at sea, corresponds to a tornadic waterspout, presence of storm, hail, winds. Eventually, it moves towards the continent, thus becoming a tornado.",
21,Vegas del Itata,"-36,399251","-72,85404548",2010-06-14,11:30:00,15:30:00,1,0,0,1,1,1,0,,,,,"2010 14 Junio, Vegas del Itata",,,
22,Lirquen ,"-36,70434254","-72,99373005",2010-06-14,9:30:00,13:30:00,0,0,0,1,0,1,0,,,,,"2010 14 Junio, Lirquen",,,
23,Villarrica,"-39,281","-72,226",2011-06-07,15:30:00,19:30:00,0,1,1,1,1,0,1,,,,,"2011 7 Junio, Villarica",https://es.wikipedia.org/wiki/Tornado_de_Villarrica_de_2011,"It had a strength of 254 km/h and lasted close to 8 minutes. Electrical storm, lightning, thunder, hail, and intense precipitation. The tornado traveled almost half of Villarrica, starting in the population of Villa Lo Matta, in the upper sector of Villarrica, where it razed a forest and then moved towards the city center. 7 people were injured to various degrees and about 500 were affected. There were power and water outages. It was classified as an F3 on the Fujita-Pearson scale according to National Geographic",
24,San Carlos ,"-36,42","-71,962",2013-05-31,11:20:00,15:20:00,0,1,1,1,1,0,0,1,JV,0,2,"2013 31 Mayo, San Carlos",https://www.24horas.cl/nacional/un-inusual-tornado-causa-danos-en-la-ciudad-de-san-carlos-672337 https://es.wikipedia.org/wiki/Tornado_de_San_Carlos_de_2013,"It was rated as 'F2 on the Fujita-Pearson scale according to National Geographic,' according to Wikipedia. However, the original source has not been found. Power outage, damages include two community centers and five flower shops at the Municipal Cemetery, and the Violeta Parra High School. The tornado occurred around 11:20 AM. Given the evidence, the estimated maximum intensity is EF1.",
25,Loncoche,"-39,3919","-72,6604",2014-06-04,NaT,,0,1,1,1,1,0,1,,,,,,https://www.soychile.cl/Temuco/Sociedad/2014/06/07/254189/Un-mini-tornado-azoto-un-fundo-en-Loncoche-y-volo-techumbres-de-lecherias-y-galpones.aspx,,
26,Puerto Montt (Sector Lagunillas),"-41,447","-73,022",2015-06-01,16:30:00,19:30:00,0,0,0,1,1,1,1,,,,,"2015 1 Junio, Puerto Montt",https://www.soychile.cl/puerto-montt/sociedad/2015/06/01/325822/presunto-tornado-ocasiono-diversos-danos-en-casas-de-puerto-montt.aspx,Video shows cyclonic circulation consistent with a weak tornado.,
27,Lago Llanquihue,"-41,217","-72,883",2015-06-03,17:28:00,20:28:00,0,0,0,0,0,1,1,,,,,"2015 3 Junio, Lago Llanquihue","https://www.facebook.com/comunaLlanquihue/videos/964119710306912/ 
https://twitter.com/rrickemiller/status/606521900794302464 
https://www.facebook.com/teletrece/photos/lo-que-ves-es-una-mini-tromba-marina-registrada-esta-tarde-en-el-lago-llanquihue/823601181054781/",,
28,Tirúa,"-38,339","-73,500",2015-07-05,15:00:00,18:00:00,0,1,1,1,0,1,1,,,,,"2015 5 Julio, Tirúa","https://cooperativa.cl/noticias/pais/tiempo/al-menos-16-viviendas-resultaron-danadas-por-tromba-marina-en-tirua/2015-07-05/163912.html 
https://www.biobiochile.cl/noticias/2015/07/05/tromba-marina-en-tirua-causa-danos-en-al-menos-25-viviendas.shtml 
https://www.soychile.cl/Arauco/Sociedad/2015/07/05/332516/Fuertes-rafagas-de-viento-causaron-danos-a-unas-50-viviendas-de-Tirua.aspx ",,
29,Tres Esquinas de Cato (al norte de Coihueco),"-36,544","-71,781",2015-08-08,3:00:00,6:00:00,0,0,0,1,1,0,0,1,JV,0,0,"2015 08 de Agosto, Tres Esquinas Cato (al norte de Coihueco)",http://sancarlosradioactivo.blogspot.com/2015/08/voladura-de-techos-y-caidas-de-arboles.html,"Total and partial destruction of homes, roofs, and fallen trees. Damage to 70% of the roofing and rooms of the El Porvenir de Cato school. The municipal report indicates the phenomenon as a 'tromba' [tornado]. At least 3 Twitter users report the passage of a tornado. One of them mentions that the tornado crossed from San Carlos to Coihueco, which would imply a trajectory from northwest to southeast.",
30,Vilcun (S. rural Curaco en la ruta a Codinhue) - Al Noreste de Temuco,"-38,407","-72,307",2016-07-11,16:00:00,20:00:00,0,1,1,1,1,0,0,1,JV,0,0,"2016 11 de Julio, Vilcun (S. rural Curaco en la ruta a Codinhue) - Al Noreste de Temuco",https://www.soychile.cl/Temuco/Sociedad/2016/07/11/404963/Una-especie-de-tornado-volo-techumbres-y-arranco-arboles-en-Vilcun.aspx     https://elperiodico.cl/tornado-arraso-con-techumbres-y-arboles-en-sector-rural-de-vilcun/,"Rural area affected by a tornado, trees uprooted and cut in half, and destruction of a farmer's house: suffered the loss of 50% of the roof of his home and of sheds where horses were kept. No injuries. Electrical storm and hail.",
31,Toltén,"-39,226","-73,204",2016-08-17,18:00:00,21:00:00,0,1,1,1,1,1,1,2,JV,0,1,"2016 17 Agosto, Toltén",https://www.google.com/url?q=https://www.emol.com/noticias/Nacional/2016/08/18/&sa=D&source=apps-viewer-frontend&ust=1705759736772891&usg=AOvVaw1QVht8CO6s4mIuvnA-56vo&hl=es,"According to EMOL: ""The wind, which manifested in the form of a funnel, destroyed four agricultural use sheds, an entire dwelling, the roof of a house, and about thirty trees in a rural area of the Toltén commune."" This level of destruction, along with the photograph and videos of a well-developed funnel cloud touching ground, suggests a maximum intensity between the upper limit of EF1 and the lower limit of EF2.",
32,Valdivia (Curiñanco),"-39,739","-73,411",2016-08-17,11:50:00,14:50:00,0,0,0,0,0,1,1,,,,,"2016 17 Agosto, Valdivia","https://www.facebook.com/watch/?v=1113028315434539 https://www.biobiochile.cl/noticias/nacional/region-de-los-rios/2016/08/17/tromba-marina-movilizo-a-personal-de-emergencias-en-sector-costero-de-valdivia.shtml 
https://www.diariodevaldivia.cl/noticia/historias-diariosur/2022/04/tromba-marina-de-1881-el-temporal-que-castigo-a-valdivia ",,
33,Lago Villarica,"-39,257","-72,102",2017-01-09,NaT,,0,0,0,0,0,1,1,,,,,"2017 9 Enero, Lago Villarica","https://climatologia.meteochile.gob.cl/application/publicaciones/documentoPdf/boletinEventosExtremos/boletinEventosExtremos-2017.pdf
https://www.youtube.com/watch?v=M5ySXE6jmec  ",,
34,Isla Mocha,"-38,378","-73,875",2017-02-16,11:45:00,14:45:00,0,0,0,1,1,0,0,,,,,"2017 16 Febrero, Isla Mocha",https://www.t13.cl/noticia/nacional/registran-danos-tromba-marina-isla-mocha,,
35,Puerto Montt (Rucahue - Piedra Azul),"-41,492","-72,792",2017-02-16,16:40:00,19:40:00,0,0,0,1,1,1,1,,,,,"2017 16 Febrero, Puerto Montt ","https://www.biobiochile.cl/noticias/nacional/region-de-los-lagos/2017/02/18/sistema-frontal-en-los-lagos-un-centenar-de-turistas-son-llevados-a-albergue-en-chaiten.shtml 
https://www.facebook.com/QuePasaPuertoMontt.cl/posts/568830583326333 ","In the reports, they speak of a waterspout, but there is evidence of damage it caused on land, which is why it is also classified as a tornado",
36,Quillota,"-32,939","-71,287",2017-05-17,14:00:00,18:00:00,0,0,0,1,1,0,1,,,,,"2017 17 Mayo, Quillota",https://www.emol.com/noticias/Economia/2017/05/18/859022/Tornado-en-Quillota.html,"The video records intense winds and the storm. The tornado is not visible, but swirling winds dragging roofing material can be seen.",
37,Puerto Montt (Población Modelo),"-41,478","-72,938",2017-06-03,14:42:00,18:42:00,0,0,1,1,1,1,0,,,,,"2017 3 Junio, Puerto Montt","https://www.adnradio.cl/nacional/2017/06/03/tromba-arranco-el-techo-de-tres-viviendas-en-puerto-montt-3482485.html
https://twitter.com/adnradiochile/status/871104621640658945
https://www.facebook.com/permalink.php?story_fbid=1404455222955854&id=714631728604877","In the reports, it is mentioned a waterspout, but there is evidence of damage it caused on land, which is why it is also referred to as a tornado",
38,TIrua,"-38,28","-73,5",2017-07-14,NaT,,0,0,0,1,0,1,0,,,,,"2017 14 Julio, Tirua ",https://www.soychile.cl/Concepcion/Sociedad/2017/07/14/475773/Vecinos-reportaron-que-tromba-marina-derribo-arboles-en-carretera-de-Tirua.aspx,,
39,Theodoro Schmidt,"-39,085","-73,276",2017-07-14,9:30:00,13:30:00,0,1,0,1,1,0,0,,,,,"2017 14 Julio, Teodoro Schmidt",https://www.soychile.cl/Temuco/Sociedad/2017/07/14/475736/Una-tromba-marina-destruyo-al-menos-seis-casas-y-un-casino-en-zona-costera-de-La-Araucania.aspx,"It is not clearly specified if it moves onto land; it starts at sea as a waterspout (RR). It is inferred that it moves onto land, as it destroys houses on the shore",
40,Llico,"-37,196","-73,562",2017-08-10,8:00:00,12:00:00,0,0,0,1,1,1,0,,,,,"2017 10 Agosto, Llico",https://www.24horas.cl/nacional/tromba-marina-genero-diversos-danos-a-viviendas-en-llico-2473561 ,,
41,Puerto Montt (Los Alerces),"-41,396","-72,91",2018-03-22,13:30:00,16:30:00,1,1,0,1,1,0,1,,,,,"2018 22 Marzo, Puerto Montt (Los Alerces)","https://www.facebook.com/watch/?v=1567083063340159.
 https://www.soychile.cl/Puerto-Montt/Sociedad/2018/03/22/523715/Los-testimonios-de-vecinos-tras-tornado-en-Alerce.aspx",,
42,Lago Llanquihue,"-41,217","-72,883",2018-09-30,13:51:00,16:51:00,0,0,0,0,0,1,1,,,,,"2018 20 Sept, Lago Llanquihue",https://www.chvnoticias.cl/nacional/asi-se-vio-la-tromba-marina-en-el-lago-llanquihue_20180930/ ,,
43,Padre de Las Casas-Cunco,"-38,78","-72,57",2018-03-23,3:00,6:00:00,0,0,0,1,1,0,0,,,,,"2018 23 Marzo, Padre de las Casas-Cunco",https://www.biobiochile.cl/noticias/nacional/region-de-la-araucania/2018/03/23/fuertes-vientos-derribaron-decenas-de-arboles-en-ruta-que-une-padre-las-casas-y-cuncos.shtml,,
44,Caleta La Arena ,"-41,693","-72,643",2018-09-30,NaT,,0,1,1,1,1,0,1,,,,,"2018 30 Septiembre, Caleta La Arena",https://www.radiosago.cl/tromba-marina-destruyo-varios-inmuebles-en-la-carretera-austral/,,
45,Quilelto (San Carlos),"-36,496","-71,943",2019-05-30,15:00:00,19:00:00,0,0,0,1,1,0,0,0,JV,0,0,"2019 30 Mayo, Quilelto (San Carlos)",https://www.biobiochile.cl/noticias/nacional/region-de-nuble/2019/05/30/tromba-terrestre-arranca-los-techos-de-dos-viviendas-en-sector-rural-de-san-carlos.shtml,Roof blow-offs in 2 houses with 7 people affected. Evidence suggests a low-intensity tornado (EF0). More information in Vicencio et al. (2021).,
46,"San Miguel de Itata (Yungay) 
","-37,106","-72,119",2019-05-30,15:20:00,19:20:00,0,0,0,1,1,0,0,0,JV,0,0,"2019 30 Mayo, San Miguel de Itata (Yungay)",https://www.ladiscusion.cl/tornado-dana-al-menos-siete-casas-en-yungay/,"42 homes affected by the tornado, of which 28 sustained minor damage and 14 had roof damage. Additionally, there was a fall of poles, trees, and power supply cut. Maximum intensity EF0 upper limit. More information in Vicencio et al. (2021)",
47,"Coihueco, Ñuble","-36,726","-71,81",2019-05-30,16:06:00,20:06:00,1,0,1,1,1,0,1,2,JV,0,0,"2019 30 Mayo, Coihueco",https://www.facebook.com/watch/?v=916853065412195,"Altos de Miraflores School suffered almost complete removal of its roofing. Witnesses mention trees hitting the windows. Additionally, complete destruction of a wooden food casino. Evidence suggests a maximum intensity of EF2. More information in Vicencio et al. (2021).",
48,Los Ángeles,"-37,463","-72,33",2019-05-30,17:57:00,21:57:00,0,1,1,1,1,0,1,2,JV,0,18,"2019 30 Mayo, Los Angeles ",https://www.biobiochile.cl/noticias/nacional/region-del-bio-bio/2019/05/30/reportan-paso-de-una-especie-de-tornado-en-los-angeles.shtml,EF2 intensity obtained from the description of damage made by meteorologists Camilo Barahona and Ricardo Abarca during a field visit. More information in Vicencio et al. (2021).,
49,San Andrés (Collipulli),"-37,939","-72,498",2019-05-30,18-19:25,22-23:25 ,0,0,0,1,1,0,1,1,JV,0,13,"2019 30 Mayo, San Andres (Collipulli) ",https://www.facebook.com/watch/?v=2170613709723373,"13 people injured and 17 affected. One house destroyed, 1 house with major damage, and four others with minor damage. Evidence suggests an EF1 tornado. More information in Vicencio et al. (2021)",
50,Talcahuano-Concepción,"-36,785","-73,1",2019-05-31,14:00:00,18:00:00,0,1,1,1,1,0,1,2,JV,1,23,"2019 31 Mayo, Talcahuano-Concepción",https://www.youtube.com/watch?v=DR5XC9Mo5cc&t=3s,"The maximum EF2 intensity was estimated by Dr. Roberto Rondanelli in Vicencio et al. (2021) using theoretical wind profiles, based on measurements from two meteorological stations in the tornado's path. Additionally, in a field damage study, Aránguiz et al. (2020) determined that a small number of houses observed structural damage, consistent with a maximum intensity of EF2.",
51,"Chanco, Maule","-35,775","-72,505",2019-05-31,15:00-15:20,19:00-19:20 ,0,0,0,1,1,0,0,0,JV,0,0,"2019 31 Mayo, Chanco Maule ",https://cooperativa.cl/noticias/pais/region-del-maule/tromba-marina-derribo-arboles-y-bloqueo-rutas-en-chanco/2019-05-31/173430.html,Fall of more than 50 trees affected electrical lines and rural road. Maximum intensity is estimated at the upper part of EF0. More information in Vicencio et al. (2021).,
52,Alto del Rey (San Pedro de la Paz),"-36,815","-73,167",2019-06-13,16:00-17:00,20:00-21:00,0,0,0,0,1,1,1,0,JV,0,0,"2019 12 Junio, San Pedro de la Paz","https://www.24horas.cl/regiones/biobio/una-nueva-tromba-marina-es-registrada-por-pescadores-en-san-pedro-de-la-paz-3385320 
https://amigospenquistas.cl/2019/06/13/video-muestra-el-inicio-de-una-tromba-marina-en-san-pedro-de-la-paz-hace-instantes/ 
https://climatologia.meteochile.gob.cl/publicaciones/boletinEventosExtremos/boletinEventosExtremos-2019.pdf ",Blowing off of roofs at a fisherman's warehouse in Caleta Alto del Rey. Estimated intensity EF0,
53,Pucatrihue,"-40,537","-73,719",2019-10-28,18:38:00,21:38:00,0,0,0,0,0,1,1,,,,,"2019 28 Oct, Pucatrihue ","https://www.facebook.com/groups/otvemergencias/posts/827728434310073/ 
https://twitter.com/reportsuraustra/status/1188946710346850305 
https://climatologia.meteochile.gob.cl/publicaciones/boletinEventosExtremos/boletinEventosExtremos-2019.pdf ",,
54,"Sector de Manzanares, Renaico","-37,6747","-72,5854",2020-04-25,3:00:00,7:00:00,1,0,1,1,1,0,0,0,JV,0,0,"2020 25 Abril, Renaico","https://www.youtube.com/watch?v=gQdjewjs5To
https://cooperativa.cl/noticias/pais/region-de-la-araucania/un-tornado-arraso-con-galpones-arboles-y-el-tendido-electrico-en-la/2020-04-25/115334.html","Witnesses mention the fall of trees, partial blowing off of roofs, damage to the electrical grid, and damage to sheds and chicken coops. The tornado crossed over greenhouses but did not destroy the structure. In the video, destruction of light construction structures (wood) can be seen. A maximum intensity of EF0 is estimated",
55,"Sector Chamiza, Puerto Montt","-41,4842","-72,8495",2020-05-03,16:30:00,20:30:00,0,0,1,1,1,0,1,0,JV,0,0,"2020 3 Mayo, Chamiza (Puerto Montt)","https://www.facebook.com/watch/?v=264360364703595
https://cooperativa.cl/noticias/pais/region-de-los-lagos/vecinos-reportaron-tromba-marina-en-puerto-montt-hay-cinco-viviendas/2020-05-03/191924.html","Minor damage to 3 houses, with the main impact being the blowing off of roofs and power outage. Video shows the wall of the tornadic cloud and extension of the funnel to the surface, along with 'ascending scud' clouds. Damages appear to indicate an EF0.




",
56,"Sector Puralaco, Toltén","-39,3022","-73,1578",2020-06-15,NaT,,0,0,0,1,1,0,0,1,JV,0,0,"2020 15 Junio, Puralaco","https://www.facebook.com/watch/?v=271693353890413
https://www.instagram.com/p/CBggfinlQ1y/","Video shows complete destruction of a house and a witness indicates the passage of a 'waterspout', suggesting an intensity of EF1.",
57,"Sector Talquita, Parral","-36,2376","-71,8076",2020-06-19,12:00:00,16:00:00,0,1,1,1,1,0,1,,,,,"2020 19 Junio, Parral","https://www.facebook.com/maulevirtualchile/videos/307360457089781/
https://www.facebook.com/watch/?v=707022773172481
https://www.instagram.com/p/CBpD07nla8Z/?igshid=1547v7rcsyhq0 ","Roof blow-offs. Records show a funnel cloud, but there are testimonies that it comes close to the surface.",
58,Yerbas Buenas (San Carlos de Arquén),"-35,73889","-71,58102",2020-06-24,NaT,,,,,,1,0,1,,,,,"2020 24 Junio, Yerbas Buenas (San Carlos de Arquén)",https://www.facebook.com/watch/?v=907230596423609,,
59,Llico,"-34,774","-72,063",2020-06-24,14:30:00,18:30:00,1,1,0,1,1,0,1,,,,,"2020 24 Junio, Llico",https://www.youtube.com/watch?v=zmY4fBDuY_Y. https://www.elmostrador.cl/dia/2020/06/24/registran-inusual-tromba-marina-en-caleta-de-llico-el-fenomeno-provoco-la-caida-de-arboles-y-techumbres/,,
60,Chigualoco (Los Vilos),"-31,755","-71,514",2020-06-29,15:49:00,19:49:00,0,0,0,0,0,1,1,,,,,"2020 29 Junio, Chigualoco","https://www.eldesconcierto.cl/nacional/2020/06/29/videos-sistema-frontal-se-traslada-a-coquimbo-tromba-marina-en-chigualoco-e-inundaciones-en-los-vilos.html 
https://www.facebook.com/watch/?v=570679513645575 ",,
61,Iloca (Duao),"-34,878","-72,158",2020-06-29,11:15:00,15:15:00,0,0,0,0,0,1,1,,,,,"2020 29 Junio, Iloca (Duao) ","https://www.soychile.cl/Concepcion/Sociedad/2020/06/29/661617/VIDEO-Una-tromba-marina-se-registro-en-la-localidad-de-Iloca.aspx?utm_source=Destacadas&utm_medium=Twitter&utm_campaign=Botones%20Sociales 
https://chile.as.com/chile/2020/06/29/videos/1593446990_134643.html 
https://cooperativa.cl/noticias/pais/region-del-maule/registran-paso-de-tromba-marina-en-iloca/2020-06-29/115042.html ","Waterspout. One of the videos talks about two events that developed in the same place, 10 minutes apart.",
62,Quintay,"-33,182","-71,698",2020-07-04,16:40:00,20:40:00,0,0,0,0,0,1,1,,,,,"2020 3 Julio, Quintay","https://www.biobiochile.cl/noticias/nacional/region-de-valparaiso/2020/07/04/onemi-confirma-paso-tromba-marina-quisco-evaluacion-una-reportada-quintay.shtm 
https://www.24horas.cl/regiones/valparaiso/registran-tromba-marina-en-quintay-tras-paso-de-sistema-frontal-4305270 ","Waterspout that stayed at sea, did not cause damage",
63,El Quisco (Punta de Tralca),"-33,42473538","-71,70091152",2020-07-04,17:10:00,21:10:00,1,1,0,1,1,1,1,,,,,"2020 4 julio, El Quisco",https://www.biobiochile.cl/noticias/nacional/region-de-valparaiso/2020/07/04/onemi-confirma-paso-tromba-marina-quisco-evaluacion-una-reportada-quintay.shtml https://aquisanantonio.cl/tromba-marina-arraso-con-un-quiosco-en-la-playa-de-punta-de-tralca/,,
64,Tocopilla,"-22,092","-70,207",2020-8-24,17:08:00,21:08:00,0,0,1,0,0,1,1,,,,,"2020 24 Agosto, Tocopilla","https://www.soychile.cl/Antofagasta/Sociedad/2020/08/24/670316/Tromba-marina-fue-registrada-en-el-puerto-de-T 
https://cooperativa.cl/noticias/pais/region-de-antofagasta/carnaval-de-rayos-y-una-tromba-marina-deja-en-tocopilla-el-sistema-frontal/2020-08-25/135152.htmlocopilla.aspx   ",Weak waterspout.,
65,Lago Villarrica,"-72,1808","-72,1808",2021-5-3,18:20:00,22:20:00,0,0,0,0,0,1,1,,,,,"2021 3 Mayo, Lago Villarrica","https://twitter.com/RedGeoChile/status/1389050363379060736  
https://climatologia.meteochile.gob.cl/publicaciones/boletinEventosExtremos/boletinEventosExtremos-2021.pdf 
https://www.facebook.com/radiolagovillarrica/photos/a.833378806721735/4126607920732124/?type=3  ",No damage reports.,
66,Toltén Viejo,"-39,2062","-73,2108",2021-06-09,13:00:00,17:00:00,0,0,1,1,1,1,0,,,,,"2021 9 Junio, Toltén Viejo","https://www.meganoticias.cl/nacional/339714-tolten-viejo-posible-tromba-marina-incendio-plaza-angamos-vivienda-casa-bomberos-09-06-2021.html 
https://cooperativa.cl/noticias/pais/region-de-la-araucania/tromba-marina-arraso-plaza-publica-en-tolten-arbol-cayo-sobre-domicilio/2021-06-09/163424.html  ","It is mentioned the fall of several trees, roof blow-offs, damage to sheds. It also mentions a fire caused by a fallen tree, with one person injured",
67,Ancud,"-41,8401","-73,842",2021-06-09,6:30:00,10:30:00,0,1,1,1,1,1,0,0,JV,0,0,"2021 9 Junio, Ancud","https://www.litoralpress.cl/sitio/Prensa_Texto?LPKey=4ROOH3HSJSDDGBIJ6DBRGI22TEK325MBW6RYAL7QZQPPUHB3VTRA 
https://www.facebook.com/watch/live/?ref=watch_permalink&v=488699242204949","The tornado caused power outages and roof blow-offs. Additionally, a building (made of light material) was mostly damaged by the complete blow-off of the roof. The intensity is estimated to be EF0.",
68,Mehuín (Mariquina),"-39,433","-73,1999",2021-06-09,11:00:00,15:00:00,0,0,0,0,1,1,0,1,JV,0,0,"2021 9 Junio, Mehuin",https://twitter.com/INF02000/status/1402800188784271365 ,Conversation on Twitter between a witness and R. Rondanelli indicates that they observed a tornado (referred to as a 'big whirlwind'). It knocked down about 10 trees. Photographs show destroyed roofs and uprooted trees. A maximum intensity of EF1 is suggested (Previous note: There are only visual records of the damage caused: fallen trees and roof blow-offs).,
69,Tucapel,"-37,28925399","-71,95107718",2021-08-19,3:00:00,7:00:00,1,1,0,1,1,0,0,1,JV,0,0,"2021 19 Agosto, Tucapel",https://www.eldesconcierto.cl/nacional/2021/08/19/videos-paso-de-tornado-en-tucapel-deja-caidas-de-arboles-voladuras-de-techos-y-al-menos-30-familias-afectadas.html    https://www.youtube.com/watch?v=59Omg9FKHk8 ,"The tornado caused partial or total roof blow-offs in at least 30 houses. 200 trees affected (uprooted or damaged). Electrical poles affected and street signs knocked down. Damage to the Family Health Center. Witnesses mention that intense winds lasted about 30 minutes, with a 'final bang' (referring to a loud sound). A maximum intensity of EF1 is estimated. (Previous note: They do not mention swirling winds, only intense winds. There was hail after the event, apparently.)",
70,Puerto Montt,"-41,4592","-72,9112",2022-03-08,12:59:00,16:59:00,1,0,1,1,1,0,0,0,JV,0,0,"2022 8 de Marzo, Puerto Montt",https://www.chvnoticias.cl/alerta-climatica/tornado-puerto-montt-viviendas_20220308/   https://twitter.com/sepulinares/status/1501308899898634245?s=21,"Evidence (videos) and witnesses suggest the passage of a tornado. Intense and very locally concentrated wind, effect similar to an earthquake inside the affected houses. About a dozen houses affected. Main impact on roofs and windows. Maximum intensity EF0.",
71,Peralillo,"-34,476","-71,464",2022-07-01,14:10:00,18:10:00,0,1,0,1,1,0,1,0,JV,0,0,"2022 1 Jul, Peralillo, O'Higgins",https://www.biobiochile.cl/noticias/nacional/region-de-ohiggins/2022/07/01/se-trataria-de-un-tornado-captan-fenomeno-que-causo-danos-estructurales-y-corte-de-luz-en-peralillo.shtml,"Damage in rural area, power outage, trees and impact on a photovoltaic power plant (solar panels ripped off and lifted). Video shows a tornadic cloud. Possible EF0.",
72,Cobquecura,"-36,077","-72,797",2022-08-15,13:59:00,17:59:00,0,0,0,0,0,1,1,0*,JV,0,0,"2022 15 Agosto, Cobquecura",https://www.biobiochile.cl/noticias/nacional/region-de-nuble/2022/08/15/captan-tromba-marina-desde-playa-de-cobquecura-advierten-no-acercarse-al-borde-costero.shtml, Waterspout over the ocean no damage report on the coast. Intensity EF0*.,
73,Ancud,"-41,885724","-73,84267",2023-06-02,17:50:00,21:50:00,1,0,1,1,1,0,0,1,JV,0,0,"2023 2 Junio, Ancud",https://www.meganoticias.cl/nacional/416003-reportan-tromba-marina-en-ancud-chiloe-tornado-03-06-2023.html,"Tornado forms as a waterspout over the Pacific Ocean, entering the continent west of the city of Ancud and crossing to the south/southwest. This tornado is accompanied by convective and electrical activity. Damage to roofs and buildings. Downed trees. Possible maximum intensity at the upper limit of EF1.",
74,Rio Barraza (Salamanca),"-31,946495","-70,35000",2023-02-04,,,0,0,0,0,1,0,1,0*,JV,0,0,"2023 4 Febrero, Rio Barraza (Salamanca)",https://twitter.com/RedGeoChile/status/1627751621970038787 ,Tornado over the foothills sector without affecting homes or structures. Intensity EF0*.,
75,Paihuano,"-30,352277","-70,43983",2023-02-06,,,0,0,0,0,1,0,1,0*,JV,0,0,"2023 6 Febrero, Paihuano",https://twitter.com/hernan_ahumada/status/1622807386049384448?ref_src=twsrc%5Etfw%7Ctwcamp%5Etweetembed%7Ctwterm%5E1622807386049384448%7Ctwgr%5E2e96145a82e4ba55f6abcde5301293d0834ab5a6%7Ctwcon%5Es1_&ref_url=https%3A%2F%2Fwww.24horas.cl%2Fregiones%2Fzona-norte%2Fcoquimbo%2Ftornado-valle-del-elqui-paihuano ,Tornado over the foothills sector without affecting homes or structures. Intensity EF0*.,
76,Lago todos los Santos,"-41,110048","-72,35238",2023-06-25,13:48:00,17:48:00,0,0,0,0,0,1,1,0*,JV,0,0,"2023 25 Junio, Lago todos los Santos",https://twitter.com/davidurra7/status/1673025350647914499 ,Waterspout over the lake. No report of effects or damage to the coast. Intensity EF0*.,
77,"Las Quinientas, Lago Ranco (Futrono)","-40,1257","-72,3835",2023-06-26,12:20:00,16:20.00,0,0,1,1,1,0,1,0,JV,0,0,"2023 26 Junio, Las Quinientas, Lago Ranco (Futrono)",https://twitter.com/RedGeoChile/status/1673499954776621057,Video shows numerous funnel crossing forest area. Damage to 40-50 trees and power outage. Estimated maximum intensity EF0.,
78,Lago Llanquihue,"-41,104851","-72,75763",2023-06-26,15:35:00,19:35:00,0,0,0,0,0,1,1,,,,,"2023 26 Junio, Lago Llanquihue",,,
79,Puerto Saavedra,"-38,813995","-73,40369",2023-06-07,9:53:00,13:53:00,0,0,0,0,0,1,1,0*,JV,0,0,"2023 27 Junio, Puerto Saavedra ",https://twitter.com/NoticiasUMChile/status/1673691044704026624,Waterspout over the ocean. No report of effects or damage to the coast. Intensity EF0*.,
80,La Vara (Puerto Montt),"-41,422427","-72,90753",2023-06-27,15:28:00,19:28:00,0,0,0,1,1,0,1,1,JV,0,0,"2023 27 Junio, La Vara (Puerto Montt)",https://twitter.com/GrupoWurtlitzer/status/1673775339321868289,"Damage to housing, mainly to roofs. Some upturned trees can be seen. Possible EF0-EF1.",
81,"Lago Llanquihue
(aprox. km 34 Ruta 225 CH, 
P.Varas-Ensenada-Petrohué)","-41,224000","-72,65740",2023-07-14,16:04:00,20:04:00,0,0,0,0,0,1,1,0*,JV,0,0,"2023 14  Julio, Lago Llanquihue",https://twitter.com/GFFCandia/status/1680064124909244417,Waterspout over the lake. No report of effects or damage to the coast. Intensity EF0*.,
82,San Pedro de la Paz,"-36,858005","-73,16,1822",2023-09-06,12:45:00,15:45:00,0,0,0,0,0,1,1,0*,JV,0,0,"2023 6 Sept, San Pedro de la Paz",https://twitter.com/RedGeoChile/status/1699448782209839535 ,Waterspout over the ocean. No report of effects or damage to the coast. Intensity EF0*.,
83,"Maiquillahue, Mariquina","-39,45966","-73,25942",2023-09-11,16:45:00,19:45:00,0,0,0,0,0,1,1,0*,JV,0,0,"2023 11 Septiembre, Maiquillahue, Mariquina",https://twitter.com/RedGeoChile/status/1701331586271043699,Waterspout in coastal sector with surface effect but no damage reported. Intensity EF0*.,