UniqueID,Location,Latitude,Longitude,Date (Gregorian Calendar),Hour (UTC),Tornado,Waterspout,Max. EF Rating,Fatalities,Injured,Region,Comune
CL0001,Carahue (ex- Imperial),-38.7079572518935,-73.1601208083232,1554-05-03,NaT,1,0.0,0,-,-,CL-AR,carahue
CL0108,Angol (ex Los Infantes),-37.6581,-72.7087,1575-12-25,NaT,1,0.0,1,,,CL-AR,angol
CL0109,Angol (ex Los Infantes),-37.6581,-72.7087,1577-02-04,NaT,1,0.0,,,,CL-AR,angol
CL0002,Carelmapu,-41.75,-73.707,1633-05-14,12:00:00,1,0.0,2,-,1,CL-LL,maullin
CL0003,Parral,-36.14311,-71.82605,1835-02-26,NaT,1,0.0,1,-,-,CL-ML,parral
CL0004,Morro Gonzalo (Valdivia),-39.9167,-73.65,1868-06-07,12:45:00,0,1.0,,,,Not found,Not found
CL0005,Ancud,-41.8702469236067,-73.8283761097985,1872-04-20,NaT,0,1.0,,,,CL-LL,ancud
CL0006,Lebu,-37.599136119778,-73.6591194507573,1878-06-11,22:00:00,1,0.0,0*,-,-,CL-BI,lebu
CL0007,Lebu,-37.599136119778,-73.6591194507573,1878-06-14,20:00:00,1,0.0,0,-,-,CL-BI,lebu
CL0008,Valdivia,-39.8113647703531,-73.2421700094018,1881-04-26,20:30:00,1,0.0,3,3,1,CL-LR,valdivia
CL0009,Santiago,-33.3811223103291,-70.619821814293,1893-05-14,NaT,1,0.0,0,0,0,CL-RM,huechuraba
CL0010,Nueva Imperial,-38.7395829275948,-72.9520826048251,1893-05-16,21:00:00,1,0.0,,,,CL-AR,nueva imperial
CL0011,Ancud,-41.8702469236067,-73.8283761097985,1927-06-07,02:00:00,1,0.0,2,1,>1,CL-LL,ancud
CL0012,Concepción,-36.8272693629797,-73.0501118856763,1934-05-27,08:30:00,0,1.0,3,27,599,CL-BI,concepcion
CL0013,Puerto Saavedra,-38.797624064584,-73.4015796962771,1934-05-29,04:00:00,1,1.0,,,,CL-AR,saavedra
CL0014,Linares,-35.849,-71.5992,1934-06-03,15:05:00,1,0.0,1,-,,CL-ML,linares
CL0110,Concepción,-36.8201,-73.0444,1936-06-22,07:00:00,1,0.0,1,,,CL-BI,concepción
CL0101,VIña del Mar,-33.019504199033,-71.5673596682979,1941-06-13,22:00:00,0,1.0,0,0,0,CL-VS,viña del mar
CL0102,Ancud,-41.8785956653397,-73.8922703963844,1952-05-18,14:35:00,1,1.0,1,0,6,CL-LL,ancud
CL0015,Isla Quiriquina-Concepción,-36.625917,-73.059923,1961-06-02,17:30:00,1,1.0,2,-,-,CL-BI,talcahuano
CL0017,Chillan (Cato),-36.5357848753026,-71.9977285329304,1962-07-27,NaT,1,0.0,,0,,CL-NB,chillan
CL0016,Linares,-35.8440693494848,-71.5910617546228,1962-07-27,14:00:00,1,1.0,2,0,>0,CL-ML,linares
CL0018,Los Ángeles,-37.449233,-72.336948,1975-07-10,18:00:00,1,0.0,3,0,0,CL-BI,los angeles
CL0019,Valdivia,-39.8199945813283,-73.2321510770993,1981-05-17,16:00:00,1,0.0,1,0,0,CL-LR,valdivia
CL0020,San Carlos,-36.4250130721276,-71.958448492409,1981-05-18,14:00:00,1,0.0,3,2,323,CL-NB,san carlos
CL0021,Valparaíso,-33.048301948194,-71.5988247949241,1991-06-19,14:30:00,1,0.0,1,0,2,CL-VS,valparaiso
CL0100,Chinquihue,-41.5058796082189,-72.99633617146829,2000-11-02,17:00:00,1,1.0,0,0,0,,
CL0022,"Volcán Osorno, Ensenada",-41.1573146234944,-72.4937454692987,2005-02-22,09:30:00,1,0.0,0*,0,0,CL-LL,puerto varas
CL0023,Puerto Montt,-41.4742932782384,-72.9525256288981,2006-05-15,NaT,1,0.0,1,0,1,CL-LL,puerto montt
CL0024,Arauco,-37.24,-73.319,2007-06-21,00:00:00,1,1.0,1,0,0,CL-BI,arauco
CL0025,Caleta Amargos-Corral,-39.87509,-73.42555,2008-08-26,02:00-06:00,0,1.0,0,0,1,Not found,Not found
CL0027,Tomé-Lirquen,-36.7043425378487,-72.9937300540057,2010-06-14,13:30:00,0,1.0,0*,0,0,Not found,Not found
CL0026,Vegas del Itata,-36.3992510042731,-72.8540454766737,2010-06-14,15:30:00,1,1.0,1,0,0,CL-NB,coelemu
CL0028,Ancud,-41.873,-73.805,2011-04-12,21:30:00,1,0.0,1,0,0,CL-LL,ancud
CL0029,Villarrica,-39.281,-72.226,2011-06-07,19:30:00,1,0.0,2,4,7,CL-AR,villarrica
CL0030,San Carlos,-36.42,-71.962,2013-05-31,15:20:00,1,0.0,1,0,2,CL-NB,san carlos
CL0031,Camino Perdido-Loncoche,-39.391912467499,-72.660404594159,2014-06-04,NaT,1,0.0,1,0,1,CL-AR,loncoche
CL0032,Puerto Montt (Sector Lagunillas),-41.447,-73.022,2015-06-01,19:30:00,1,1.0,0,0,0,CL-LL,puerto montt
CL0033,Lago Llanquihue,-41.217,-72.883,2015-06-03,20:28:00,0,1.0,0*,0,0,CL-LL,puerto varas
CL0034,Tirúa,-38.341568,-73.494404,2015-07-05,18:00:00,0,1.0,0,0,0,CL-BI,tirua
CL0035,Quidico,-38.242832,-73.47609,2015-07-05,19:00-22:00,1,1.0,0,0,0,CL-BI,tirua
CL0036,Tres Esquinas de Cato (al norte de Coihueco),-36.54386,-71.7807693,2015-08-08,06:00:00,1,0.0,1,0,0,CL-NB,coihueco
CL0037,Vilcún (S. rural Curaco en la ruta a Codinhue - Al Noreste de Temuco),-38.407,-72.307,2016-07-11,20:00:00,1,0.0,1,0,0,CL-AR,perquenco
CL0038,Curiñanco (Valdivia),-39.739,-73.411,2016-08-17,14:50:00,0,1.0,0*,0,0,Not found,Not found
CL0039,Toltén,-39.226,-73.204,2016-08-17,21:00:00,1,1.0,2,0,1,CL-AR,tolten
CL0040,Lago Villarica,-39.257,-72.102,2017-01-09,NaT,0,1.0,0*,0,0,CL-AR,villarrica
CL0041,Puerto Montt (Rucahue - Piedra Azul),-41.492,-72.792,2017-02-16,19:40:00,1,1.0,,,,CL-LL,puerto montt
CL0042,Isla Mocha,-38.3842403541975,-73.8751853298448,2017-02-16,14:45:00,1,1.0,1,0,0,CL-BI,lebu
CL0043,"San Pedro, Quillota",-32.919767,-71.809244,2017-05-17,18:00:00,1,0.0,1,0,0,CL-VS,quillota
CL0044,Puerto Montt (Población Modelo),-41.465594,-72.949097,2017-06-03,18:42:00,1,1.0,0,0,0,CL-LL,puerto montt
CL0045,"Hualpín, Teodoro Schmidt",-39.081498,-73.183752,2017-07-14,13:30:00,1,0.0,1,0,0,CL-AR,teodoro schmidt
CL0046,"Ponotro, Tirúa",-38.28,-73.5,2017-07-14,NaT,0,1.0,0,0,0,CL-BI,tirua
CL0047,"Meulín, Chiloé",-42.4,-73.29,2017-07-17,10:00:00,1,,1,0,0,CL-LL,quinchao
CL0048,Llico,-37.196,-73.562,2017-08-10,12:00:00,1,1.0,0,0,0,CL-BI,arauco
CL0049,"El Tume, Villarrica",-39.2301180116901,-72.2788727214217,2017-10-04,18:00:00,1,0.0,0,0,0,CL-AR,villarrica
CL0050,"Alerce, Puerto Montt",-41.396,-72.91,2018-03-22,16:30:00,1,0.0,1,0,0,CL-LL,puerto montt
CL0051,Padre de Las Casas (Camino a Cunco),-38.78,-72.57,2018-03-23,06:00:00,1,0.0,1,0,0,CL-AR,padre las casas
CL0052,Caleta La Arena,-41.693,-72.643,2018-09-30,NaT,1,0.0,1,0,0,Not found,Not found
CL0053,Lago Llanquihue,-41.15542,-72.670038,2018-09-30,16:51:00,0,1.0,0*,0,0,CL-LL,puerto varas
CL0054,San Andrés (Collipulli),-37.962342,-72.320161,2019-05-30,22-23:25 ,1,0.0,1,0,13,CL-AR,collipulli
CL0055,Los Ángeles,-37.463,-72.33,2019-05-30,21:57:00,1,0.0,2,0,18,CL-BI,los angeles
CL0056,San Miguel de Itata (Yungay),-37.106,-72.119,2019-05-30,19:20:00,1,0.0,0,0,0,CL-NB,yungay
CL0057,"Coihueco, Ñuble",-36.726,-71.81,2019-05-30,20:06:00,1,0.0,2,0,0,CL-NB,coihueco
CL0058,Quilelto (San Carlos),-36.496,-71.943,2019-05-30,19:00:00,1,0.0,0,0,0,CL-NB,san carlos
CL0059,Talcahuano-Concepción,-36.785,-73.1,2019-05-31,18:00:00,1,0.0,2,1,23,CL-BI,hualpen
CL0060,"Chanco, Maule",-35.775,-72.505,2019-05-31,19:00-19:20 ,1,0.0,0,0,0,CL-ML,chanco
CL0061,Alto del Rey (San Pedro de la Paz),-36.825381,-73.151671,2019-06-13,20:00-21:00,1,1.0,0,0,0,CL-BI,san pedro de la paz
CL0062,Pucatrihue,-40.537,-73.719,2019-10-28,21:38:00,0,1.0,0*,0,0,Not found,Not found
CL0063,"Sector Manzanares, Renaico",-37.6747,-72.5854,2020-04-25,07:00:00,1,0.0,0,0,0,CL-AR,renaico
CL0064,"Fresia, Los Lagos",-41.15262,-73.48074,2020-04-25,NaT,1,0.0,0,0,0,,
CL0065,"Chamiza, Puerto Montt",-41.4842,-72.8495,2020-05-03,20:30:00,1,0.0,0,0,0,CL-LL,puerto montt
CL0066,"Puralaco, Toltén",-39.3022,-73.1578,2020-06-15,,1,0.0,1,0,0,CL-AR,tolten
CL0067,"Sector Talquita, Parral",-36.2376,-71.8076,2020-06-19,16:00:00,1,0.0,0,0,0,CL-ML,parral
CL0068,Yerbas Buenas (San Carlos de Arquén),-35.73889,-71.58102,2020-06-24,NaT,1,0.0,0*,0,0,CL-ML,yerbas buenas
CL0069,Llico,-34.774,-72.063,2020-06-24,18:30:00,1,0.0,0*,0,0,CL-ML,vichuquen
CL0070,Iloca (Duao),-34.878,-72.158,2020-06-29,15:15:00,0,1.0,0*,0,0,Not found,Not found
CL0071,"Chigualoco, Los Vilos",-31.755,-71.514,2020-06-29,19:49:00,0,1.0,0*,0,0,Not found,Not found
CL0072,Quintay-El Quisco (Punta de Tralca),-33.426426,-71.702984,2020-07-04,20:40:00 - 21:40:00,0,1.0,0,0,0,CL-VS,el quisco
CL0073,Tocopilla,-22.092,-70.207,2020-08-24,21:08:00,0,1.0,0*,0,0,Not found,Not found
CL0074,Llanquihue,-41.268268,-72.993278,2021-04-08,17:00:00 - 18:00:00,1,1.0,0,0,0,CL-LL,llanquihue
CL0075,Lago Villarrica,-39.2563225272082,-72.1577150404176,2021-05-03,22:20:00,0,1.0,0*,0,0,CL-AR,villarrica
CL0076,Ancud,-41.8615577658789,-73.8190285948799,2021-06-09,10:30:00,1,1.0,0,0,0,CL-LL,ancud
CL0077,Mehuín,-39.433,-73.1999,2021-06-09,15:00:00,1,1.0,1,0,0,CL-LR,mariquina
CL0078,Toltén Viejo,-39.2062,-73.2108,2021-06-09,17:00:00,1,1.0,1,0,2,CL-AR,tolten
CL0079,Tucapel,-37.2892539894654,-71.9510771826727,2021-08-19,07:00:00,1,0.0,1,0,0,CL-BI,tucapel
CL0080,"Valle Volcanes, Puerto Montt",-41.4592,-72.9112,2022-03-08,16:59:00,1,0.0,0,0,0,CL-LL,puerto montt
CL0081,Peralillo,-34.476,-71.464,2022-07-01,18:10:00,1,0.0,0,0,0,CL-LI,peralillo
CL0082,Cobquecura,-36.077,-72.797,2022-08-15,17:59:00,0,1.0,0*,0,0,Not found,Not found
CL0083,Rio Barraza (Salamanca),-31.946495,-70.35,2023-02-04,-,1,0.0,0*,0,0,CL-CO,salamanca
CL0084,Paihuano,-30.352277,-70.439827,2023-02-06,-,1,0.0,0*,0,0,CL-CO,paihuano
CL0085,Ancud,-41.8857238981502,-73.8426691869657,2023-06-02,21:50:00,1,0.0,1,0,0,CL-LL,ancud
CL0086,Puerto Saavedra,-38.813995,-73.403686,2023-06-07,13:53:00,0,1.0,0*,0,0,Not found,Not found
CL0087,Lago Todos los Santos,-41.110048,-72.352376,2023-06-25,17:48:00,0,1.0,0*,0,0,CL-LL,puerto varas
CL0088,Lago Llanquihue,-41.104851,-72.75763,2023-06-26,19:35:00,0,1.0,0*,0,0,CL-LL,puerto varas
CL0089,"Las Quinientas, Futrono",-40.12569,-72.3834515,2023-06-26,16:20.00,1,0.0,0,0,0,CL-LR,futrono
CL0090,La Vara (Puerto Montt),-41.422427,-72.907528,2023-06-27,19:28:00,1,0.0,1,0,0,CL-LL,puerto montt
CL0091,"Lago Llanquihue (km 34 Ruta 225 CH,  P.Varas-Ensenada-Petrohué)",-41.224,-72.6574,2023-07-14,20:04:00,0,1.0,0*,0,0,CL-LL,puerto varas
CL0092,San Pedro de la Paz,-36.858005,-73.161822,2023-09-06,15:45:00,0,1.0,0*,0,0,Not found,Not found
CL0093,"Maiquillahue, Mariquina",-39.45966,-73.25942,2023-09-11,19:45:00,0,1.0,0*,0,0,CL-LR,mariquina
CL0094,Cercanías de Calbuco,-41.7787232012308,-73.1082635841388,2024-05-25,18:00:00,0,1.0,0,0,0,,
CL0095,Penco,-36.7368500124749,-73.0005757077109,2024-06-18,09:00:00,1,0.0,0,0,0,CL-BI,penco
CL0096,Folilco (Los Lagos),-39.8717180511301,-72.6595497314276,2024-06-20,03:00:00,1,0.0,1,0,0,CL-LR,los lagos
CL0097,Malalhue (Lanco),-39.539336396996,-72.49742103114,2024-06-20,21:01:00,1,0.0,1,0,0,CL-LR,lanco
CL0098,Dadinco-Las Mariposas (cercanías de Chillán),-36.6409655732376,-71.9853310043988,2024-06-21,20:30:00,1,0.0,0,0,0,CL-NB,chillan
CL0099,Los Ángeles,-37.4856,-72.3155,2025-05-17,17:20:00,1,0.0,0,0,0,,
CL0100,Puerto Varas,-41.3218754547657,-72.985342023327,2025-05-25,19:05:00,1,0.0,2,0,19,,
CL0101,Quintay,-33.17567,-71.72085,2025-08-01,18:00:00,1,1.0,0,0,0,,
CL0102,La Vara - Senda Sur (Puerto Montt),-41.4325033562569,-72.8645708218883,2025-08-02,19:06:00,1,0.0,0,0,0,,
CL0103,Pilolcura,-39.6766132363272,-73.3487452845558,2025-09-13,17:00:00,0,1.0,0,0,0,,
CL0104,Linares,-35.8335498775962,-71.5754872900226,2025-09-20,17:49:00,1,1.0,0,0,0,,
CL0105,San Pedro de la Paz,-36.8257100937822,-73.1450330917061,2025-09-20,17:30:00,1,1.0,0,0,0,,
CL0106,Chaihuín,-39.9050458775944,-73.5800504841718,2025-09-20,18:30:00,0,1.0,0,0,0,,
CL0107,Caleta La Arena - Puelche (Seno del Reloncaví),-41.690645,-72.644512,2026-06-20,20:20:00,0,1.0,0*,0,0,CL-LL,puerto montt
CL0109,"Sector Pangal,  sur de Cahuil en Pichilemu",-34.4834,-72.0193,2026-07-18,22:08:00,0,1.0,0,0,,,
CL0110,"Lago Llanquihue, Playa Centinela Comuna de Puerto Octay",-40.993367,-72.875617,2026-07-24,21:16:00,0,1.0,0,,,,
CL0111,"Provincia de Diguillín (comunas de Chillán Viejo, Bulnes, San Ignacio, El Carmen, Pemuco)",-36.7299369229579,-72.2196817288348,2026-07-27,17:30:00,1,0.0,0,0,0,,
